tag,version,minor,date,ts,day,checks,routes,tables,tests,product_lines,docs_lines,drills,ci_jobs,conformance_cases
v9.30,9.03,30,2026-05-16,1778922485,0,0,67,27,1417,37901,71664,0,3,0
v9.41,9.041,41,2026-05-17,1779076476,1,0,68,27,1475,38475,73685,0,3,0
v9.43,9.043,43,2026-05-19,1779175192,3,0,68,27,1482,38475,73965,0,3,0
v9.49,9.049,49,2026-06-03,1780522655,18,0,68,27,1522,39038,74920,0,3,0
v9.56,9.056,56,2026-06-03,1780544134,18,11,68,26,507,27153,66705,0,2,0
v9.57,9.057,57,2026-06-04,1780546841,19,11,68,26,507,27075,20912,0,2,0
v9.58,9.058,58,2026-06-04,1780548293,19,12,68,26,509,27161,20953,0,2,0
v9.59,9.059,59,2026-06-04,1780550106,19,12,68,26,509,24307,19578,0,2,0
v9.60,9.06,60,2026-06-04,1780551421,19,12,68,26,509,24309,19600,0,2,0
v9.61,9.061,61,2026-06-04,1780552257,19,17,68,26,514,24369,19625,0,2,0
v9.62,9.062,62,2026-06-04,1780553160,19,17,68,26,514,24369,18854,0,2,0
v9.63,9.063,63,2026-06-04,1780554133,19,17,68,26,514,24363,18880,0,2,0
v9.64,9.064,64,2026-06-04,1780561358,19,17,68,26,518,24375,18908,0,2,0
v9.65,9.065,65,2026-06-04,1780562499,19,17,68,26,518,24375,18938,0,2,0
v9.66,9.066,66,2026-06-04,1780563561,19,19,68,26,526,24446,18972,0,2,0
v9.67,9.067,67,2026-06-04,1780564164,19,19,68,26,539,24446,19008,0,2,0
v9.68,9.068,68,2026-06-04,1780564823,19,20,68,26,540,24457,19029,0,2,0
v9.69,9.069,69,2026-06-04,1780565541,19,21,68,26,541,24479,19080,0,2,0
v9.70,9.07,70,2026-06-04,1780566510,19,21,68,26,545,24500,19101,0,2,0
v9.71,9.071,71,2026-06-04,1780568063,19,21,68,26,550,24575,19164,0,2,0
v9.72,9.072,72,2026-06-04,1780568516,19,21,68,26,551,24611,19193,0,2,0
v9.73,9.073,73,2026-06-04,1780569829,19,21,68,26,554,24643,19245,0,2,0
v9.74,9.074,74,2026-06-04,1780570113,19,21,68,26,555,24666,19267,0,2,0
v9.75,9.075,75,2026-06-04,1780570113,19,21,68,26,555,24666,19267,0,2,0
v9.76,9.076,76,2026-06-04,1780570113,19,21,68,26,555,24666,19267,0,2,0
v9.77,9.077,77,2026-06-04,1780572119,19,22,68,26,563,24735,19327,0,2,0
v9.78,9.078,78,2026-06-04,1780572754,19,23,68,26,564,24806,19354,0,2,0
v9.79,9.079,79,2026-06-04,1780572754,19,23,68,26,564,24806,19354,0,2,0
v9.80,9.08,80,2026-06-04,1780573810,19,24,68,26,566,24870,19406,0,2,0
v9.81,9.081,81,2026-06-04,1780574315,19,24,68,26,567,24893,19435,0,2,0
v9.82,9.082,82,2026-06-04,1780574680,19,24,68,26,569,24918,19461,0,2,0
v9.83,9.083,83,2026-06-04,1780574680,19,24,68,26,569,24918,19461,0,2,0
v9.84,9.084,84,2026-06-04,1780607808,19,24,68,26,571,24945,19486,0,2,0
v9.85,9.085,85,2026-06-04,1780608796,19,25,68,26,576,25071,19536,0,2,0
v9.86,9.086,86,2026-06-04,1780609354,19,26,68,26,577,25109,19566,0,2,0
v9.87,9.087,87,2026-06-04,1780611024,19,26,68,26,578,25160,19606,0,2,0
v9.88,9.088,88,2026-06-04,1780612325,19,27,68,26,579,25213,19642,0,2,0
v9.89,9.089,89,2026-06-04,1780613121,19,28,68,27,581,25369,19668,0,2,0
v9.90,9.09,90,2026-06-04,1780613649,19,28,68,27,581,25369,19681,0,2,0
v9.91,9.091,91,2026-06-04,1780630686,19,29,68,27,582,25414,19736,0,2,0
v9.92,9.092,92,2026-06-04,1780631207,19,29,68,27,582,25422,19751,0,2,0
v9.93,9.093,93,2026-06-05,1780634574,20,30,68,27,583,25456,19798,0,2,0
v9.94,9.094,94,2026-06-05,1780636041,20,31,68,27,584,25491,19822,0,2,0
v9.95,9.095,95,2026-06-05,1780637259,20,31,68,27,584,25491,19841,0,3,0
v9.96,9.096,96,2026-06-05,1780638428,20,31,68,27,584,25491,19866,0,3,0
v9.98,9.098,98,2026-06-05,1780639919,20,31,68,27,584,25491,19912,0,3,0
v9.100,9.1,100,2026-06-05,1780641585,20,31,68,27,584,25511,19959,0,3,0
v9.101,9.101,101,2026-06-05,1780643142,20,32,68,27,585,25543,20111,0,3,0
v9.102,9.102,102,2026-06-05,1780643921,20,33,68,27,586,25612,20152,0,3,0
v9.103,9.103,103,2026-06-05,1780646188,20,34,68,27,590,25704,20189,0,4,0
v9.104,9.104,104,2026-06-05,1780647371,20,35,68,27,592,25753,20221,0,4,0
v9.105,9.105,105,2026-06-05,1780647914,20,37,68,27,594,25822,20255,0,5,0
v9.106,9.106,106,2026-06-05,1780648435,20,38,68,27,595,25876,20283,0,5,0
v9.107,9.107,107,2026-06-05,1780648965,20,39,68,27,600,25921,20309,0,5,0
v9.108,9.108,108,2026-06-05,1780649498,20,40,70,27,603,25982,20342,0,5,0
v9.109,9.109,109,2026-06-05,1780650033,20,41,70,27,604,26016,20369,0,5,0
v9.110,9.11,110,2026-06-05,1780651824,20,42,70,27,605,26058,20412,0,5,0
v9.111,9.111,111,2026-06-05,1780652713,20,42,70,27,605,26063,20429,0,5,0
v9.112,9.112,112,2026-06-05,1780653502,20,43,70,27,608,26094,20458,0,5,0
v9.113,9.113,113,2026-06-05,1780654506,20,44,70,27,616,26187,20492,0,5,0
v9.114,9.114,114,2026-06-05,1780656137,20,45,70,27,617,26221,20516,0,5,0
v9.115,9.115,115,2026-06-05,1780656674,20,46,70,27,618,26250,20597,0,5,0
v9.116,9.116,116,2026-06-05,1780658118,20,47,70,27,619,26316,20628,0,5,0
v9.117,9.117,117,2026-06-05,1780660555,20,48,70,27,623,26534,20660,0,5,0
v9.118,9.118,118,2026-06-05,1780661991,20,49,70,27,624,26642,20686,0,5,0
v9.119,9.119,119,2026-06-05,1780662535,20,49,70,27,625,26662,20717,0,5,0
v9.120,9.12,120,2026-06-05,1780664393,20,50,70,27,627,26747,20749,0,5,0
v9.121,9.121,121,2026-06-05,1780698674,20,51,70,27,628,26818,20786,0,5,0
v9.122,9.122,122,2026-06-05,1780700489,20,52,70,27,636,27012,20825,0,5,0
v9.123,9.123,123,2026-06-05,1780701391,20,53,70,27,637,27052,21300,0,5,0
v9.124,9.124,124,2026-06-05,1780702277,20,54,70,27,638,27111,21488,0,5,0
v9.125,9.125,125,2026-06-05,1780706566,20,55,70,28,644,27585,21533,0,5,0
v9.126,9.126,126,2026-06-05,1780707652,20,56,70,28,645,27644,21741,0,5,0
v9.127,9.127,127,2026-06-05,1780709318,20,57,70,28,646,27701,21779,0,5,0
v9.128,9.128,128,2026-06-05,1780710622,20,58,70,28,648,27750,21860,0,5,0
v9.129,9.129,129,2026-06-05,1780716523,20,59,70,28,652,27826,21898,0,5,0
v9.130,9.13,130,2026-06-05,1780717319,20,59,70,28,652,27870,21939,0,5,0
v9.131,9.131,131,2026-06-06,1780719727,21,59,70,28,652,27930,21971,0,5,0
v9.132,9.132,132,2026-06-06,1780720895,21,59,70,28,654,27959,21996,0,5,0
v9.133,9.133,133,2026-06-06,1780723082,21,60,70,28,665,28101,22026,0,5,0
v9.134,9.134,134,2026-06-06,1780724931,21,61,70,28,666,28154,22245,0,5,0
v9.135,9.135,135,2026-06-06,1780728514,21,62,70,28,667,28206,22286,0,6,0
v9.136,9.136,136,2026-06-06,1780730728,21,63,70,28,668,28244,22360,0,6,0
v9.137,9.137,137,2026-06-06,1780732562,21,63,70,28,668,28244,22390,0,6,0
v9.138,9.138,138,2026-06-06,1780735357,21,64,70,28,669,28294,22428,0,7,0
v9.139,9.139,139,2026-06-06,1780736563,21,65,70,28,670,28356,22463,0,7,0
v9.140,9.14,140,2026-06-06,1780744793,21,66,70,28,671,28435,22537,0,8,0
v9.141,9.141,141,2026-06-09,1781050169,24,67,70,28,672,28475,22572,0,8,0
v9.142,9.142,142,2026-06-10,1781069826,25,67,70,28,672,28319,22691,0,8,0
v9.143,9.143,143,2026-06-11,1781190101,26,68,70,28,678,28359,22738,0,8,0
v9.144,9.144,144,2026-06-11,1781191892,26,68,70,28,678,28359,22774,0,8,0
v9.145,9.145,145,2026-06-12,1781240857,27,68,70,28,678,28359,22805,0,8,0
v9.146,9.146,146,2026-06-12,1781277030,27,68,70,28,678,28420,22844,0,8,0
v9.147,9.147,147,2026-06-12,1781279269,27,68,70,28,678,28420,22863,0,8,0
v9.148,9.148,148,2026-06-12,1781280636,27,68,72,28,683,28529,22896,0,8,0
v9.149,9.149,149,2026-06-12,1781281559,27,68,72,28,683,28529,22942,0,8,0
v9.150,9.15,150,2026-06-12,1781283239,27,68,72,28,683,28610,23007,0,8,0
v9.151,9.151,151,2026-06-12,1781285393,27,68,73,28,687,28720,23040,0,8,0
v9.152,9.152,152,2026-06-12,1781298209,27,69,73,28,688,28746,23069,0,8,0
v9.153,9.153,153,2026-08-31,1788209268,107,74,73,28,693,29068,23136,0,8,0
v9.154,9.154,154,2026-08-31,1788210094,107,75,73,28,694,29119,23168,0,8,0
v9.155,9.155,155,2026-08-31,1788212374,107,76,73,28,695,29153,23226,0,8,0
v9.156,9.156,156,2026-08-31,1788214664,107,76,73,28,695,29153,23079,0,8,0
v9.157,9.157,157,2026-08-31,1788215438,107,77,73,28,696,29180,23104,0,8,0
v9.158,9.158,158,2026-08-31,1788216822,107,77,73,28,696,29180,23381,0,8,0
v9.159,9.159,159,2026-08-31,1788218223,107,78,73,28,697,29271,23435,0,8,0
v9.160,9.16,160,2026-08-31,1788219252,107,80,73,28,699,29325,23481,0,8,0
v9.161,9.161,161,2026-08-31,1788220164,107,80,73,28,699,29325,23515,0,8,0
v9.162,9.162,162,2026-08-31,1788220309,107,80,73,28,699,29325,23528,0,8,0
v9.163,9.163,163,2026-08-31,1788220575,107,80,73,28,699,29325,23551,0,8,0
v9.164,9.164,164,2026-08-31,1788220719,107,80,73,28,699,29325,23561,0,8,0
v9.165,9.165,165,2026-08-31,1788220954,107,80,73,28,699,29325,23587,0,8,0
v9.166,9.166,166,2026-08-31,1788222692,107,84,73,28,703,29555,23639,0,8,0
v9.167,9.167,167,2026-08-31,1788224099,107,86,73,28,705,29603,23668,0,8,0
v9.168,9.168,168,2026-08-31,1788224862,107,87,73,28,706,29633,23727,0,8,0
v9.169,9.169,169,2026-08-31,1788229359,107,88,73,28,707,29717,23805,0,8,0
v9.170,9.17,170,2026-08-31,1788229930,107,88,73,28,707,29727,23835,0,8,0
v9.171,9.171,171,2026-08-31,1788232204,107,89,73,28,708,29868,23877,0,8,0
v9.172,9.172,172,2026-08-31,1788234561,107,89,73,28,708,29868,23903,0,8,0
v9.173,9.173,173,2026-09-01,1788235692,108,90,73,28,709,30135,23963,0,8,0
v9.174,9.174,174,2026-09-01,1788236381,108,90,73,28,709,30143,23985,0,8,0
v9.175,9.175,175,2026-09-01,1788238322,108,91,73,28,710,30342,24125,0,9,0
v9.176,9.176,176,2026-09-01,1788239147,108,92,73,28,711,30411,24482,0,10,0
v9.177,9.177,177,2026-09-01,1788239801,108,92,73,28,711,30411,24498,0,10,0
v9.178,9.178,178,2026-09-01,1788266130,108,93,73,28,730,30971,24711,0,11,0
v9.179,9.179,179,2026-09-01,1788267361,108,93,73,28,730,31023,24735,0,11,0
v9.180,9.18,180,2026-09-01,1788268729,108,94,73,28,743,31699,24611,0,11,0
v9.181,9.181,181,2026-09-01,1788269853,108,94,73,28,743,31719,24642,0,11,0
v9.182,9.182,182,2026-09-01,1788270640,108,94,73,28,743,31731,24668,0,11,0
v9.183,9.183,183,2026-09-01,1788272298,108,96,73,28,745,31988,24792,0,12,0
v9.184,9.184,184,2026-09-01,1788273743,108,96,73,28,745,31988,24806,0,12,0
v9.185,9.185,185,2026-09-01,1788274641,108,96,73,28,745,31988,24822,0,12,0
v9.186,9.186,186,2026-09-01,1788278833,108,97,73,28,746,32201,25015,0,13,0
v9.187,9.187,187,2026-09-01,1788290175,108,98,73,28,759,32795,25157,0,14,0
v9.188,9.188,188,2026-09-01,1788291884,108,99,73,28,760,32877,25211,0,14,0
v9.189,9.189,189,2026-09-01,1788292992,108,101,73,28,791,33753,25508,0,14,0
v9.190,9.19,190,2026-09-01,1788306009,108,102,73,29,807,34727,25889,0,14,0
v9.191,9.191,191,2026-09-01,1788308657,108,103,73,29,809,35092,26054,0,14,0
v9.192,9.192,192,2026-09-01,1788310496,108,104,73,29,810,35376,26152,0,15,0
v9.193,9.193,193,2026-09-01,1788311465,108,104,73,29,810,35376,26190,0,15,0
v9.194,9.194,194,2026-09-02,1788350851,109,107,73,29,814,35598,26297,0,15,0
v9.195,9.195,195,2026-09-02,1788351180,109,107,73,29,814,35598,26344,0,15,0
v9.196,9.196,196,2026-09-02,1788351230,109,107,73,29,814,35598,26185,0,15,0
v9.197,9.197,197,2026-09-02,1788351628,109,107,73,29,814,35598,26015,0,15,0
v9.198,9.198,198,2026-09-02,1788352139,109,108,73,29,815,35641,26085,0,15,0
v9.199,9.199,199,2026-09-02,1788404725,109,109,73,29,816,35688,26176,0,15,0
v9.200,9.2,200,2026-09-02,1788405808,109,110,73,29,817,35723,26064,0,15,0
v9.201,9.201,201,2026-09-03,1788409283,110,110,73,29,817,35723,26087,0,15,0
v9.202,9.202,202,2026-09-03,1788410651,110,110,73,29,817,35723,26104,0,15,0
v9.203,9.203,203,2026-09-03,1788411806,110,110,73,29,818,35728,26265,0,15,0
v9.204,9.204,204,2026-09-03,1788413534,110,110,73,29,818,35728,26207,0,15,0
v9.205,9.205,205,2026-09-03,1788415214,110,111,73,29,819,35823,26228,0,15,0
v9.206,9.206,206,2026-09-03,1788450860,110,111,72,29,824,35866,26264,0,15,0
v9.207,9.207,207,2026-09-03,1788451636,110,111,72,29,824,35866,26304,0,15,0
v9.208,9.208,208,2026-09-03,1788452517,110,111,72,29,824,35872,26336,0,15,0
v9.209,9.209,209,2026-09-03,1788452762,110,112,72,29,825,35935,26359,0,15,0
v9.210,9.21,210,2026-09-03,1788453597,110,113,72,29,826,35971,26417,0,15,0
v9.211,9.211,211,2026-09-04,1788556404,111,113,72,29,826,35971,26474,0,15,0
v9.212,9.212,212,2026-09-04,1788556605,111,113,72,29,826,35971,26540,0,15,0
v9.213,9.213,213,2026-09-04,1788559362,111,113,72,29,826,35971,26575,0,15,0
v9.214,9.214,214,2026-09-04,1788560115,111,113,72,29,826,35971,26605,0,15,0
v9.215,9.215,215,2026-09-04,1788560779,111,114,72,29,827,36134,26637,0,15,0
v9.216,9.216,216,2026-09-04,1788561340,111,114,72,29,827,36134,26669,0,15,0
v9.217,9.217,217,2026-09-04,1788561659,111,114,72,29,827,36134,26704,0,15,0
v9.218,9.218,218,2026-09-04,1788562086,111,115,72,29,828,36183,26758,0,15,0
v9.219,9.219,219,2026-09-04,1788562267,111,115,72,29,828,36218,26786,0,15,0
v9.220,9.22,220,2026-09-04,1788563292,111,116,72,29,829,36262,26811,0,15,0
v9.221,9.221,221,2026-09-04,1788563674,111,116,72,29,829,35592,26852,0,15,0
v9.222,9.222,222,2026-09-04,1788564448,111,116,72,29,829,35592,26959,0,15,0
v9.223,9.223,223,2026-09-04,1788564617,111,116,72,29,829,35592,27121,0,15,0
v9.224,9.224,224,2026-09-04,1788565305,111,116,72,29,829,35592,26664,0,15,0
v9.225,9.225,225,2026-09-04,1788566188,111,118,72,29,831,35733,26733,0,15,0
v9.226,9.226,226,2026-09-04,1788566340,111,118,72,29,831,35733,26794,0,15,0
v9.227,9.227,227,2026-09-04,1788566483,111,118,72,29,831,35733,26805,0,15,0
v9.228,9.228,228,2026-09-04,1788566699,111,118,72,29,831,35733,26816,0,15,0
v9.229,9.229,229,2026-09-04,1788566839,111,118,72,29,831,35733,26768,0,15,0
v9.230,9.23,230,2026-09-04,1788570564,111,118,72,29,831,35737,26806,0,15,0
v9.231,9.231,231,2026-09-04,1788571309,111,118,72,29,831,35737,26314,0,15,0
v9.232,9.232,232,2026-09-04,1788571963,111,118,72,29,831,35737,25998,0,15,0
v9.233,9.233,233,2026-09-04,1788572035,111,118,72,29,831,35737,26017,0,15,0
v9.234,9.234,234,2026-09-04,1788575648,111,119,72,30,839,36583,26271,0,15,0
v9.235,9.235,235,2026-09-04,1788576878,111,119,72,30,844,37433,26443,0,15,0
v9.236,9.236,236,2026-09-04,1788577380,111,119,72,30,852,37609,26526,0,15,0
v9.237,9.237,237,2026-09-05,1788583337,112,119,72,30,856,37764,26693,0,15,0
v9.238,9.238,238,2026-09-05,1788585900,112,119,72,30,856,37881,26739,0,15,0
v9.239,9.239,239,2026-09-05,1788588286,112,119,72,30,856,37920,26800,0,15,0
v9.240,9.24,240,2026-09-05,1788598962,112,119,72,30,856,38167,26897,0,15,0
v9.241,9.241,241,2026-09-05,1788603371,112,119,72,30,856,38193,26962,0,15,0
v9.242,9.242,242,2026-09-05,1788608363,112,120,72,30,857,38565,27124,0,15,0
v9.243,9.243,243,2026-09-05,1788632172,112,121,72,30,858,39003,27382,0,16,0
v9.244,9.244,244,2026-09-05,1788647954,112,121,72,30,858,39199,27513,0,16,0
v9.245,9.245,245,2026-09-05,1788652607,112,122,72,34,859,39790,27704,0,16,0
v9.246,9.246,246,2026-09-05,1788654976,112,123,72,34,866,40045,27766,0,16,0
v9.247,9.247,247,2026-09-05,1788664228,112,124,72,36,871,40637,28017,0,16,0
v9.248,9.248,248,2026-09-06,1788669477,113,125,74,36,880,41012,28217,0,16,0
v9.249,9.249,249,2026-09-06,1788671668,113,125,75,36,885,41192,28274,0,16,0
v9.250,9.25,250,2026-09-06,1788674511,113,125,75,36,887,41213,28295,0,16,0
v9.251,9.251,251,2026-09-06,1788677553,113,125,76,36,891,41327,28344,0,16,0
v9.252,9.252,252,2026-09-06,1788692110,113,125,77,36,897,41515,28415,0,16,0
v9.253,9.253,253,2026-09-06,1788709843,113,125,79,36,904,41848,28512,0,16,0
v9.254,9.254,254,2026-09-06,1788746130,113,126,79,36,916,42450,28657,0,16,0
v9.255,9.255,255,2026-09-06,1788750318,113,126,79,36,919,42818,28719,0,16,0
v9.257,9.257,257,2026-09-07,1788756850,114,126,79,36,921,43508,28914,0,16,0
v9.258,9.258,258,2026-09-07,1788761131,114,126,80,36,927,43622,29083,0,16,0
v9.259,9.259,259,2026-09-07,1788764218,114,127,80,36,939,43961,29151,0,16,0
v9.260,9.26,260,2026-09-07,1788791686,114,128,80,36,943,44056,29229,0,16,0
v9.261,9.261,261,2026-09-07,1788795795,114,129,81,36,952,44211,29300,0,16,0
v9.262,9.262,262,2026-09-07,1788797958,114,130,81,36,953,44484,29332,1,16,0
v9.263,9.263,263,2026-09-07,1788805508,114,130,81,36,953,44488,29356,1,17,0
v9.264,9.264,264,2026-09-07,1788815040,114,130,81,36,955,44559,29421,1,17,0
v9.265,9.265,265,2026-09-07,1788817814,114,130,83,36,959,44870,29945,1,17,0
v9.266,9.266,266,2026-09-07,1788821703,114,135,83,36,968,45514,30184,1,17,0
v9.267,9.267,267,2026-09-07,1788826097,114,136,87,36,973,45729,30254,1,17,0
v9.268,9.268,268,2026-09-07,1788827775,114,137,87,36,974,45762,30432,1,17,0
v9.269,9.269,269,2026-09-07,1788831117,114,138,87,34,949,45702,30355,1,17,0
v9.270,9.27,270,2026-09-07,1788833868,114,139,87,34,950,45757,30406,1,17,0
v9.271,9.271,271,2026-09-07,1788836067,114,139,87,34,950,45784,30450,1,17,0
v9.272,9.272,272,2026-09-07,1788839255,114,140,87,34,954,45907,30510,1,17,0
v9.273,9.273,273,2026-09-08,1788842407,115,141,87,34,955,45957,30548,1,17,0
v9.274,9.274,274,2026-09-08,1788868953,115,142,88,34,961,46610,30763,1,17,0
v9.275,9.275,275,2026-09-08,1788868953,115,143,88,34,962,46713,30858,1,17,0
v9.276,9.276,276,2026-09-08,1788868953,115,144,88,34,963,46891,30897,2,17,0
v9.277,9.277,277,2026-09-08,1788868953,115,145,88,34,968,46985,30956,2,17,0
v9.278,9.278,278,2026-09-08,1788868953,115,146,88,34,974,47309,30993,2,17,0
v9.279,9.279,279,2026-09-08,1788869523,115,147,88,34,975,47567,31078,2,17,0
v9.280,9.28,280,2026-09-08,1788870373,115,148,88,34,979,47666,31116,2,17,0
v9.281,9.281,281,2026-09-08,1788871313,115,149,88,34,980,47714,31148,2,17,0
v9.282,9.282,282,2026-09-08,1788872254,115,150,88,34,981,47981,31201,2,17,0
v9.283,9.283,283,2026-09-08,1788873187,115,150,88,34,981,48005,31228,2,17,0
v9.284,9.284,284,2026-09-08,1788874026,115,151,88,34,982,48057,31271,2,17,0
v9.285,9.285,285,2026-09-08,1788874724,115,151,88,34,982,48069,31306,2,17,0
v9.286,9.286,286,2026-09-08,1788875844,115,152,88,34,987,48219,31363,2,17,0
v9.287,9.287,287,2026-09-08,1788877387,115,153,88,34,997,48607,31411,3,17,0
v9.288,9.288,288,2026-09-08,1788880429,115,154,90,35,1008,49073,31526,3,17,0
v9.289,9.289,289,2026-09-08,1788881593,115,155,90,35,1019,49484,31691,3,17,7
v9.290,9.29,290,2026-09-08,1788887073,115,156,90,35,1027,49805,31785,3,18,7
v9.291,9.291,291,2026-09-08,1788888937,115,157,91,35,1031,50241,31965,4,18,7
v9.292,9.292,292,2026-09-08,1788892181,115,158,91,35,1032,50296,32107,4,18,7
v9.293,9.293,293,2026-09-08,1788893010,115,158,91,35,1032,50325,32175,4,18,7
v9.294,9.294,294,2026-09-08,1788893722,115,158,91,35,1032,50325,32219,4,18,7
v9.295,9.295,295,2026-09-08,1788894467,115,158,91,35,1032,50337,32278,4,18,7
v9.296,9.296,296,2026-09-08,1788896458,115,159,92,35,1035,50730,32443,5,18,7
v9.297,9.297,297,2026-09-08,1788897025,115,159,92,35,1035,50730,32370,5,18,7
v9.298,9.298,298,2026-09-08,1788899318,115,160,94,35,1039,51450,32524,6,18,7
v9.299,9.299,299,2026-09-08,1788900907,115,161,94,35,1040,51772,32556,7,19,7
v9.300,9.3,300,2026-09-08,1788902411,115,162,94,35,1042,51847,32588,7,19,7
v9.301,9.301,301,2026-09-08,1788903674,115,163,98,35,1043,52668,32730,8,19,7
v9.302,9.302,302,2026-09-08,1788904598,115,164,98,35,1044,53185,32795,9,19,7
v9.303,9.303,303,2026-09-08,1788905653,115,165,98,35,1045,53557,32852,10,19,7
v9.304,9.304,304,2026-09-08,1788906394,115,165,98,35,1045,53566,32895,10,19,7
v9.305,9.305,305,2026-09-08,1788907155,115,165,98,35,1045,53564,32919,10,19,7
v9.306,9.306,306,2026-09-08,1788907918,115,166,98,35,1046,53586,32943,10,19,7
v9.307,9.307,307,2026-09-08,1788908542,115,166,98,35,1046,53581,32964,10,19,7
v9.308,9.308,308,2026-09-08,1788910098,115,167,99,35,1049,54193,33209,11,19,7
v9.309,9.309,309,2026-09-08,1788915942,115,168,99,35,1050,54618,33334,11,19,7
v9.310,9.31,310,2026-09-08,1788917193,115,168,99,35,1050,54670,33380,11,19,7
v9.311,9.311,311,2026-09-08,1788917436,115,168,99,35,1050,54670,33458,11,19,7
v9.312,9.312,312,2026-09-08,1788920760,115,169,99,35,1051,55137,33594,12,19,7
v9.313,9.313,313,2026-09-08,1788922170,115,170,99,35,1052,55198,33827,12,19,7
v9.314,9.314,314,2026-09-09,1788926881,116,170,99,35,1052,55406,33871,12,19,10
v9.315,9.315,315,2026-09-09,1788928248,116,170,99,35,1052,55578,33902,12,19,20
v9.316,9.316,316,2026-09-09,1788929184,116,170,99,35,1052,55733,33929,12,19,24
v9.317,9.317,317,2026-09-09,1788932660,116,171,100,35,1053,56130,34089,13,19,24
v9.318,9.318,318,2026-09-09,1788933606,116,172,100,35,1054,56182,34107,13,19,24
v9.319,9.319,319,2026-09-09,1788935205,116,173,100,35,1055,56230,34146,13,19,24
v9.320,9.32,320,2026-09-09,1788936258,116,174,101,35,1058,56455,34239,13,19,24
v9.321,9.321,321,2026-09-09,1788936929,116,175,102,35,1059,56822,34361,14,19,26
v9.322,9.322,322,2026-09-09,1788937793,116,176,107,36,1063,57196,34459,14,19,26
v9.323,9.323,323,2026-09-09,1788938525,116,177,108,36,1065,57718,34596,15,19,29
v9.324,9.324,324,2026-09-09,1788939333,116,178,109,37,1069,58284,34760,15,19,31
v9.325,9.325,325,2026-09-09,1788940281,116,179,111,37,1071,58937,34908,16,19,33
v9.326,9.326,326,2026-09-09,1788941363,116,180,113,38,1075,59729,35075,17,19,35
v9.327,9.327,327,2026-09-09,1788941818,116,181,113,38,1076,60150,35204,18,19,35
v9.328,9.328,328,2026-09-09,1788951558,116,182,114,39,1078,60931,35363,19,19,38
v9.329,9.329,329,2026-09-09,1788957312,116,183,114,39,1082,61375,35480,19,19,44
v9.330,9.33,330,2026-09-09,1788958236,116,184,114,39,1084,61756,35597,19,19,44
v9.331,9.331,331,2026-09-09,1788960229,116,184,114,39,1084,61933,35695,19,19,48
v9.332,9.332,332,2026-09-09,1788962772,116,184,114,39,1084,61933,35716,19,19,48
v9.333,9.333,333,2026-09-09,1788964780,116,185,114,39,1086,61992,35747,19,19,48
v9.334,9.334,334,2026-09-09,1788964991,116,186,114,39,1088,62068,35790,19,19,48
v9.335,9.335,335,2026-09-09,1788965141,116,187,114,39,1089,62144,35824,19,19,48
v9.336,9.336,336,2026-09-09,1788965630,116,188,114,39,1092,62318,35876,19,19,48
v9.337,9.337,337,2026-09-09,1788965791,116,189,114,39,1093,62362,35900,19,19,48
v9.338,9.338,338,2026-09-09,1788965968,116,189,114,39,1093,62365,35917,19,19,48
v9.339,9.339,339,2026-09-09,1788967486,116,189,114,39,1093,62366,35928,19,19,48
v9.340,9.34,340,2026-09-09,1788969976,116,189,114,39,1093,62375,35938,19,19,48
v9.341,9.341,341,2026-09-09,1788971428,116,190,119,40,1095,63031,36106,20,19,48
v9.342,9.342,342,2026-09-09,1788971831,116,190,119,40,1095,63031,36117,20,19,48
v9.343,9.343,343,2026-09-09,1788975371,116,191,119,40,1096,63742,36286,20,19,48
